customer_id,customer_name,region,segment
1,Customer_1,East,Consumer
2,Customer_2,West,Enterprise
3,Customer_3,North,Enterprise
4,Customer_4,East,Consumer
5,Customer_5,East,Enterprise
6,Customer_6,West,Consumer
7,Customer_7,North,SMB
8,Customer_8,North,Enterprise
9,Customer_9,East,SMB
10,Customer_10,South,Consumer
11,Customer_11,East,SMB
12,Customer_12,East,SMB
13,Customer_13,East,Consumer
14,Customer_14,East,SMB
15,Customer_15,West,SMB
16,Customer_16,North,Consumer
17,Customer_17,West,SMB
18,Customer_18,West,Consumer
19,Customer_19,West,SMB
20,Customer_20,East,Consumer
21,Customer_21,South,Consumer
22,Customer_22,North,SMB
23,Customer_23,South,SMB
24,Customer_24,West,SMB
25,Customer_25,West,Enterprise
26,Customer_26,South,Enterprise
27,Customer_27,South,Enterprise
28,Customer_28,South,Consumer
29,Customer_29,West,SMB
30,Customer_30,West,Consumer
31,Customer_31,North,Enterprise
32,Customer_32,North,SMB
33,Customer_33,West,Consumer
34,Customer_34,South,SMB
35,Customer_35,South,Consumer
36,Customer_36,North,SMB
37,Customer_37,West,Enterprise
38,Customer_38,North,Enterprise
39,Customer_39,North,SMB
40,Customer_40,East,Consumer
41,Customer_41,East,Enterprise
42,Customer_42,East,Enterprise
43,Customer_43,South,Enterprise
44,Customer_44,West,SMB
45,Customer_45,West,SMB
46,Customer_46,West,Consumer
47,Customer_47,West,Consumer
48,Customer_48,East,Consumer
49,Customer_49,South,SMB
50,Customer_50,South,SMB
51,Customer_51,East,Consumer
52,Customer_52,South,Consumer
53,Customer_53,East,SMB
54,Customer_54,West,Consumer
55,Customer_55,East,Enterprise
56,Customer_56,West,SMB
57,Customer_57,West,Consumer
58,Customer_58,North,SMB
59,Customer_59,East,Enterprise
60,Customer_60,North,SMB
61,Customer_61,East,SMB
62,Customer_62,East,SMB
63,Customer_63,North,SMB
64,Customer_64,North,Enterprise
65,Customer_65,East,SMB
66,Customer_66,South,SMB
67,Customer_67,West,Consumer
68,Customer_68,North,SMB
69,Customer_69,West,Consumer
70,Customer_70,South,Enterprise
71,Customer_71,South,Enterprise
72,Customer_72,South,Enterprise
73,Customer_73,North,Enterprise
74,Customer_74,South,Consumer
75,Customer_75,North,SMB
76,Customer_76,South,Enterprise
77,Customer_77,West,SMB
78,Customer_78,West,Consumer
79,Customer_79,East,Consumer
80,Customer_80,West,Consumer
81,Customer_81,East,Enterprise
82,Customer_82,West,SMB
83,Customer_83,North,SMB
84,Customer_84,West,SMB
85,Customer_85,East,Consumer
86,Customer_86,East,Enterprise
87,Customer_87,South,Consumer
88,Customer_88,North,Consumer
89,Customer_89,West,SMB
90,Customer_90,South,Consumer
91,Customer_91,West,SMB
92,Customer_92,West,Enterprise
93,Customer_93,South,SMB
94,Customer_94,South,Enterprise
95,Customer_95,South,SMB
96,Customer_96,South,Consumer
97,Customer_97,South,Consumer
98,Customer_98,West,Enterprise
99,Customer_99,South,Enterprise
100,Customer_100,North,Enterprise
101,Customer_101,East,SMB
102,Customer_102,South,SMB
103,Customer_103,South,Enterprise
104,Customer_104,West,Consumer
105,Customer_105,South,SMB
106,Customer_106,South,SMB
107,Customer_107,South,SMB
108,Customer_108,West,Enterprise
109,Customer_109,South,Enterprise
110,Customer_110,East,Enterprise
111,Customer_111,West,Enterprise
112,Customer_112,East,Enterprise
113,Customer_113,West,Consumer
114,Customer_114,South,Consumer
115,Customer_115,East,Enterprise
116,Customer_116,West,SMB
117,Customer_117,North,Enterprise
118,Customer_118,South,Consumer
119,Customer_119,West,Consumer
120,Customer_120,North,SMB
121,Customer_121,West,Consumer
122,Customer_122,North,Enterprise
123,Customer_123,South,SMB
124,Customer_124,East,Enterprise
125,Customer_125,North,Enterprise
126,Customer_126,West,SMB
127,Customer_127,South,Enterprise
128,Customer_128,North,Consumer
129,Customer_129,West,Enterprise
130,Customer_130,West,SMB
131,Customer_131,West,SMB
132,Customer_132,North,SMB
133,Customer_133,North,Enterprise
134,Customer_134,North,SMB
135,Customer_135,East,SMB
136,Customer_136,North,Enterprise
137,Customer_137,North,Consumer
138,Customer_138,North,Enterprise
139,Customer_139,East,SMB
140,Customer_140,North,SMB
141,Customer_141,West,Enterprise
142,Customer_142,North,Consumer
143,Customer_143,West,SMB
144,Customer_144,West,SMB
145,Customer_145,West,SMB
146,Customer_146,East,Enterprise
147,Customer_147,East,SMB
148,Customer_148,East,Consumer
149,Customer_149,North,SMB
150,Customer_150,West,SMB
151,Customer_151,East,Consumer
152,Customer_152,East,SMB
153,Customer_153,North,Enterprise
154,Customer_154,East,Enterprise
155,Customer_155,North,Enterprise
156,Customer_156,South,Consumer
157,Customer_157,East,SMB
158,Customer_158,South,Enterprise
159,Customer_159,North,Consumer
160,Customer_160,West,SMB
161,Customer_161,East,Consumer
162,Customer_162,North,Enterprise
163,Customer_163,West,Enterprise
164,Customer_164,West,Enterprise
165,Customer_165,South,Consumer
166,Customer_166,North,Consumer
167,Customer_167,West,Enterprise
168,Customer_168,East,Consumer
169,Customer_169,East,Enterprise
170,Customer_170,South,Enterprise
171,Customer_171,West,SMB
172,Customer_172,North,Consumer
173,Customer_173,East,Enterprise
174,Customer_174,West,Enterprise
175,Customer_175,West,Consumer
176,Customer_176,South,SMB
177,Customer_177,East,SMB
178,Customer_178,East,Enterprise
179,Customer_179,North,Consumer
180,Customer_180,East,SMB
181,Customer_181,North,Consumer
182,Customer_182,East,Consumer
183,Customer_183,South,Enterprise
184,Customer_184,East,SMB
185,Customer_185,North,Enterprise
186,Customer_186,North,SMB
187,Customer_187,South,SMB
188,Customer_188,East,SMB
189,Customer_189,East,SMB
190,Customer_190,South,SMB
191,Customer_191,East,Consumer
192,Customer_192,East,Enterprise
193,Customer_193,North,Consumer
194,Customer_194,East,SMB
195,Customer_195,East,Enterprise
196,Customer_196,South,SMB
197,Customer_197,South,Enterprise
198,Customer_198,West,Consumer
199,Customer_199,North,Enterprise
200,Customer_200,East,Enterprise
201,Customer_201,East,Enterprise
202,Customer_202,West,Enterprise
203,Customer_203,East,Enterprise
204,Customer_204,North,SMB
205,Customer_205,West,Enterprise
206,Customer_206,North,Enterprise
207,Customer_207,West,Consumer
208,Customer_208,West,Enterprise
209,Customer_209,South,Consumer
210,Customer_210,North,SMB
211,Customer_211,East,Enterprise
212,Customer_212,East,Consumer
213,Customer_213,North,Consumer
214,Customer_214,East,SMB
215,Customer_215,East,Enterprise
216,Customer_216,North,Enterprise
217,Customer_217,West,Consumer
218,Customer_218,North,Enterprise
219,Customer_219,West,Consumer
220,Customer_220,East,Enterprise
221,Customer_221,East,Consumer
222,Customer_222,East,Enterprise
223,Customer_223,South,SMB
224,Customer_224,West,Enterprise
225,Customer_225,South,Enterprise
226,Customer_226,South,SMB
227,Customer_227,North,Enterprise
228,Customer_228,South,SMB
229,Customer_229,North,Enterprise
230,Customer_230,North,Consumer
231,Customer_231,South,Consumer
232,Customer_232,West,Enterprise
233,Customer_233,West,Enterprise
234,Customer_234,West,Enterprise
235,Customer_235,West,Consumer
236,Customer_236,West,Enterprise
237,Customer_237,South,Consumer
238,Customer_238,South,SMB
239,Customer_239,East,Consumer
240,Customer_240,West,Consumer
241,Customer_241,South,SMB
242,Customer_242,East,Consumer
243,Customer_243,West,Enterprise
244,Customer_244,North,Enterprise
245,Customer_245,East,Consumer
246,Customer_246,South,Enterprise
247,Customer_247,North,Consumer
248,Customer_248,North,Enterprise
249,Customer_249,North,Enterprise
250,Customer_250,East,Consumer
251,Customer_251,South,Enterprise
252,Customer_252,North,Consumer
253,Customer_253,West,Enterprise
254,Customer_254,North,Enterprise
255,Customer_255,North,SMB
256,Customer_256,East,SMB
257,Customer_257,East,Consumer
258,Customer_258,South,SMB
259,Customer_259,West,Consumer
260,Customer_260,East,SMB
261,Customer_261,North,Enterprise
262,Customer_262,South,Consumer
263,Customer_263,North,Consumer
264,Customer_264,North,Enterprise
265,Customer_265,East,Consumer
266,Customer_266,South,Consumer
267,Customer_267,West,SMB
268,Customer_268,West,Consumer
269,Customer_269,East,Enterprise
270,Customer_270,East,SMB
271,Customer_271,South,SMB
272,Customer_272,West,Enterprise
273,Customer_273,West,Enterprise
274,Customer_274,West,SMB
275,Customer_275,North,Consumer
276,Customer_276,West,SMB
277,Customer_277,North,Enterprise
278,Customer_278,South,SMB
279,Customer_279,North,Enterprise
280,Customer_280,South,SMB
281,Customer_281,West,Consumer
282,Customer_282,West,SMB
283,Customer_283,South,SMB
284,Customer_284,East,Enterprise
285,Customer_285,South,Enterprise
286,Customer_286,East,Enterprise
287,Customer_287,North,SMB
288,Customer_288,North,Consumer
289,Customer_289,North,Enterprise
290,Customer_290,West,Enterprise
291,Customer_291,North,SMB
292,Customer_292,East,Enterprise
293,Customer_293,North,Consumer
294,Customer_294,South,Consumer
295,Customer_295,South,Enterprise
296,Customer_296,West,Enterprise
297,Customer_297,South,SMB
298,Customer_298,East,Consumer
299,Customer_299,North,Consumer
300,Customer_300,West,Enterprise
301,Customer_301,North,SMB
302,Customer_302,North,Consumer
303,Customer_303,East,Consumer
304,Customer_304,South,SMB
305,Customer_305,South,SMB
306,Customer_306,North,Consumer
307,Customer_307,West,Consumer
308,Customer_308,South,SMB
309,Customer_309,West,Consumer
310,Customer_310,South,Enterprise
311,Customer_311,West,Enterprise
312,Customer_312,East,SMB
313,Customer_313,West,SMB
314,Customer_314,East,SMB
315,Customer_315,East,Enterprise
316,Customer_316,West,Consumer
317,Customer_317,East,Enterprise
318,Customer_318,North,Consumer
319,Customer_319,East,Enterprise
320,Customer_320,South,Consumer
321,Customer_321,West,Enterprise
322,Customer_322,North,SMB
323,Customer_323,West,Enterprise
324,Customer_324,South,Consumer
325,Customer_325,South,Enterprise
326,Customer_326,South,Enterprise
327,Customer_327,East,Enterprise
328,Customer_328,East,SMB
329,Customer_329,West,Enterprise
330,Customer_330,West,SMB
331,Customer_331,North,SMB
332,Customer_332,North,Enterprise
333,Customer_333,West,Enterprise
334,Customer_334,East,Enterprise
335,Customer_335,South,Consumer
336,Customer_336,West,Enterprise
337,Customer_337,North,SMB
338,Customer_338,East,Enterprise
339,Customer_339,West,Consumer
340,Customer_340,West,Enterprise
341,Customer_341,East,Consumer
342,Customer_342,West,Consumer
343,Customer_343,East,Enterprise
344,Customer_344,South,SMB
345,Customer_345,East,Consumer
346,Customer_346,East,Enterprise
347,Customer_347,East,Enterprise
348,Customer_348,West,SMB
349,Customer_349,West,Consumer
350,Customer_350,East,Consumer
351,Customer_351,West,Enterprise
352,Customer_352,North,Enterprise
353,Customer_353,North,SMB
354,Customer_354,West,SMB
355,Customer_355,West,Consumer
356,Customer_356,East,Consumer
357,Customer_357,South,Enterprise
358,Customer_358,West,Consumer
359,Customer_359,North,SMB
360,Customer_360,East,SMB
361,Customer_361,West,Enterprise
362,Customer_362,North,SMB
363,Customer_363,North,SMB
364,Customer_364,South,SMB
365,Customer_365,East,SMB
366,Customer_366,East,Enterprise
367,Customer_367,South,Enterprise
368,Customer_368,South,Consumer
369,Customer_369,East,SMB
370,Customer_370,East,Consumer
371,Customer_371,West,Enterprise
372,Customer_372,West,Enterprise
373,Customer_373,South,Enterprise
374,Customer_374,West,Enterprise
375,Customer_375,North,Enterprise
376,Customer_376,West,Enterprise
377,Customer_377,West,Enterprise
378,Customer_378,North,SMB
379,Customer_379,South,Consumer
380,Customer_380,North,Enterprise
381,Customer_381,West,SMB
382,Customer_382,South,SMB
383,Customer_383,West,Consumer
384,Customer_384,North,Enterprise
385,Customer_385,North,Consumer
386,Customer_386,West,Enterprise
387,Customer_387,East,SMB
388,Customer_388,East,SMB
389,Customer_389,North,SMB
390,Customer_390,North,SMB
391,Customer_391,East,Consumer
392,Customer_392,East,Enterprise
393,Customer_393,West,Enterprise
394,Customer_394,West,Consumer
395,Customer_395,East,Enterprise
396,Customer_396,West,SMB
397,Customer_397,West,Enterprise
398,Customer_398,South,SMB
399,Customer_399,West,Consumer
400,Customer_400,North,Enterprise
401,Customer_401,West,Consumer
402,Customer_402,West,Enterprise
403,Customer_403,East,SMB
404,Customer_404,North,Consumer
405,Customer_405,West,Enterprise
406,Customer_406,West,SMB
407,Customer_407,South,Consumer
408,Customer_408,West,Consumer
409,Customer_409,West,Enterprise
410,Customer_410,South,Enterprise
411,Customer_411,East,Enterprise
412,Customer_412,West,SMB
413,Customer_413,South,Enterprise
414,Customer_414,North,Consumer
415,Customer_415,East,Consumer
416,Customer_416,North,Enterprise
417,Customer_417,North,Enterprise
418,Customer_418,South,Consumer
419,Customer_419,West,SMB
420,Customer_420,South,Enterprise
421,Customer_421,South,Enterprise
422,Customer_422,South,Consumer
423,Customer_423,South,Enterprise
424,Customer_424,East,SMB
425,Customer_425,West,Consumer
426,Customer_426,North,Enterprise
427,Customer_427,North,Consumer
428,Customer_428,West,Enterprise
429,Customer_429,North,Enterprise
430,Customer_430,West,Enterprise
431,Customer_431,North,SMB
432,Customer_432,South,SMB
433,Customer_433,North,Consumer
434,Customer_434,West,Enterprise
435,Customer_435,West,Enterprise
436,Customer_436,West,SMB
437,Customer_437,West,Enterprise
438,Customer_438,West,SMB
439,Customer_439,East,Enterprise
440,Customer_440,East,Consumer
441,Customer_441,North,Enterprise
442,Customer_442,West,Enterprise
443,Customer_443,North,SMB
444,Customer_444,West,Enterprise
445,Customer_445,West,Enterprise
446,Customer_446,East,SMB
447,Customer_447,East,Consumer
448,Customer_448,South,Consumer
449,Customer_449,East,SMB
450,Customer_450,South,SMB
451,Customer_451,South,SMB
452,Customer_452,South,SMB
453,Customer_453,South,SMB
454,Customer_454,South,Consumer
455,Customer_455,North,Consumer
456,Customer_456,East,SMB
457,Customer_457,South,Enterprise
458,Customer_458,West,SMB
459,Customer_459,East,Enterprise
460,Customer_460,East,SMB
461,Customer_461,South,SMB
462,Customer_462,North,Consumer
463,Customer_463,South,Enterprise
464,Customer_464,North,Enterprise
465,Customer_465,West,Consumer
466,Customer_466,East,Consumer
467,Customer_467,West,Consumer
468,Customer_468,North,Consumer
469,Customer_469,North,Enterprise
470,Customer_470,West,Enterprise
471,Customer_471,North,SMB
472,Customer_472,West,SMB
473,Customer_473,East,Consumer
474,Customer_474,West,Consumer
475,Customer_475,East,Consumer
476,Customer_476,West,SMB
477,Customer_477,North,SMB
478,Customer_478,West,SMB
479,Customer_479,North,SMB
480,Customer_480,West,SMB
481,Customer_481,West,SMB
482,Customer_482,South,SMB
483,Customer_483,North,Consumer
484,Customer_484,South,Consumer
485,Customer_485,North,Consumer
486,Customer_486,South,Consumer
487,Customer_487,East,SMB
488,Customer_488,West,Enterprise
489,Customer_489,North,SMB
490,Customer_490,North,Enterprise
491,Customer_491,West,Consumer
492,Customer_492,North,SMB
493,Customer_493,North,Consumer
494,Customer_494,South,SMB
495,Customer_495,North,Consumer
496,Customer_496,East,Enterprise
497,Customer_497,East,Enterprise
498,Customer_498,West,Enterprise
499,Customer_499,North,SMB
500,Customer_500,West,Enterprise
